unidade;ano;mes;media_permanencia
CHPB;2019,0;1,0;114,18181818181819
CHPB;2019,0;2,0;94,33333333333333
CHPB;2019,0;3,0;130,11111111111111
CHPB;2019,0;4,0;162,1904761904762
CHPB;2019,0;5,0;96,48648648648648
CHPB;2019,0;6,0;138,19230769230768
CHPB;2019,0;7,0;148,48
CHPB;2019,0;8,0;134,89285714285714
CHPB;2019,0;9,0;111,15625
CHPB;2019,0;10,0;96,15384615384616
CHPB;2019,0;11,0;130,57142857142858
CHPB;2019,0;12,0;99,05128205128206
CHPB;2020,0;1,0;100,95348837209302
CHPB;2020,0;2,0;116,54285714285714
CHPB;2020,0;3,0;112,10526315789474
CHPB;2020,0;4,0;143,92857142857142
CHPB;2020,0;5,0;144,79310344827587
CHPB;2020,0;6,0;160,0
CHPB;2020,0;7,0;130,61764705882354
CHPB;2020,0;8,0;114,28205128205128
CHPB;2020,0;9,0;125,38235294117646
CHPB;2020,0;10,0;152,93103448275863
CHPB;2020,0;11,0;162,0
CHPB;2020,0;12,0;114,8157894736842
CHPB;2021,0;1,0;79,75
CHPB;2021,0;2,0;126,6896551724138
CHPB;2021,0;3,0;125,5
CHPB;2021,0;4,0;131,73333333333332
CHPB;2021,0;5,0;152,44444444444446
CHPB;2021,0;6,0;116,47058823529412
CHPB;2021,0;7,0;121,20588235294117
CHPB;2021,0;8,0;124,3225806451613
CHPB;2021,0;9,0;107,76470588235294
CHPB;2021,0;10,0;88,93333333333334
CHPB;2021,0;11,0;72,46938775510205
CHPB;2021,0;12,0;85,92105263157895
CHPB;2022,0;1,0;127,58333333333333
CHPB;2022,0;2,0;106,85185185185185
CHPB;2022,0;3,0;146,125
CHPB;2022,0;4,0;89,02631578947368
CHPB;2022,0;5,0;87,13157894736842
CHPB;2022,0;6,0;63,71111111111111
CHPB;2022,0;7,0;72,2
CHPB;2022,0;8,0;85,86111111111111
CHPB;2022,0;9,0;80,56756756756756
CHPB;2022,0;10,0;82,58974358974359
CHPB;2022,0;11,0;60,87234042553192
CHPB;2022,0;12,0;70,85
CHPB;2023,0;1,0;70,21951219512195
CHPB;2023,0;2,0;70,87179487179488
CHPB;2023,0;3,0;57,88
CHPB;2023,0;4,0;56,93478260869565
CHPB;2023,0;5,0;47,05084745762712
CHPB;2023,0;6,0;59,744680851063826
CHPB;2023,0;7,0;58,95918367346939
CHPB;2023,0;8,0;58,84090909090909
CHPB;2023,0;9,0;82,0
CHPB;2023,0;10,0;52,86
CHPB;2023,0;11,0;72,97222222222223
CHPB;2023,0;12,0;51,270833333333336
CHPB;2024,0;1,0;54,76190476190476
CHPB;2024,0;2,0;40,69090909090909
CHPB;2024,0;3,0;69,14285714285714
CHPB;2024,0;4,0;51,673469387755105
CHPB;2024,0;5,0;63,609756097560975
CHPB;2024,0;6,0;57,86046511627907
CHPB;2024,0;7,0;53,234042553191486
CHPB;2024,0;8,0;56,44186046511628
CHPB;2024,0;9,0;54,266666666666666
CHPB;2024,0;10,0;42,107142857142854
CHPB;2024,0;11,0;49,659574468085104
CHPB;2024,0;12,0;40,29824561403509
CHPB;2025,0;1,0;50,92857142857143
CHPB;2025,0;2,0;50,44186046511628
CHPB;2025,0;3,0;49,48979591836735
CHPB;2025,0;4,0;37,15094339622642
CHPB;2025,0;5,0;41,97872340425532
CHPB;2025,0;6,0;39,14545454545455
CHPB;2025,0;7,0;47,07142857142857
CHPB;2025,0;8,0;45,47826086956522
CHPB;2025,0;9,0;58,935483870967744
CHPB;2025,0;10,0;48,23255813953488
CHPB;2025,0;11,0;60,121212121212125
CHPB;2025,0;12,0;48,3
CHPB;2026,0;1,0;43,95454545454545
CHPB;2026,0;2,0;40,642857142857146
CSPD;2019,0;1,0;7,909090909090909
CSPD;2019,0;2,0;8,522727272727273
CSPD;2019,0;3,0;13,461538461538462
CSPD;2019,0;4,0;13,210526315789474
CSPD;2019,0;5,0;12,833333333333334
CSPD;2019,0;6,0;8,877551020408163
CSPD;2019,0;7,0;11,885714285714286
CSPD;2019,0;8,0;12,054054054054054
CSPD;2019,0;9,0;12,18421052631579
CSPD;2019,0;10,0;11,382352941176471
CSPD;2019,0;11,0;13,033333333333333
CSPD;2019,0;12,0;12,357142857142858
CSPD;2020,0;1,0;8,466666666666667
CSPD;2020,0;2,0;7,659574468085107
CSPD;2020,0;3,0;11,617647058823529
CSPD;2020,0;4,0;12,0
CSPD;2020,0;5,0;10,55
CSPD;2020,0;6,0;12,043478260869565
CSPD;2020,0;7,0;17,11764705882353
CSPD;2020,0;8,0;10,333333333333334
CSPD;2020,0;9,0;9,935483870967742
CSPD;2020,0;10,0;11,9
CSPD;2020,0;11,0;16,333333333333332
CSPD;2020,0;12,0;7,53125
CSPD;2021,0;1,0;9,166666666666666
CSPD;2021,0;2,0;7,857142857142857
CSPD;2021,0;3,0;10,48
CSPD;2021,0;4,0;8,4
CSPD;2021,0;5,0;11,36
CSPD;2021,0;6,0;9,342857142857143
CSPD;2021,0;7,0;15,133333333333333
CSPD;2021,0;8,0;14,0
CSPD;2021,0;9,0;9,971428571428572
CSPD;2021,0;10,0;11,37037037037037
CSPD;2021,0;11,0;9,4
CSPD;2021,0;12,0;10,277777777777779
CSPD;2022,0;1,0;11,117647058823529
CSPD;2022,0;2,0;7,92
CSPD;2022,0;3,0;11,34375
CSPD;2022,0;4,0;11,05
CSPD;2022,0;5,0;9,538461538461538
CSPD;2022,0;6,0;15,61111111111111
CSPD;2022,0;7,0;14,146341463414634
CSPD;2022,0;8,0;14,069767441860465
CSPD;2022,0;9,0;13,692307692307692
CSPD;2022,0;10,0;13,764705882352942
CSPD;2022,0;11,0;21,6
CSPD;2022,0;12,0;13,125
CSPD;2023,0;1,0;13,38888888888889
CSPD;2023,0;2,0;27,695652173913043
CSPD;2023,0;3,0;19,81081081081081
CSPD;2023,0;4,0;21,70967741935484
CSPD;2023,0;5,0;16,046511627906977
CSPD;2023,0;6,0;23,580645161290324
CSPD;2023,0;7,0;21,3
CSPD;2023,0;8,0;17,214285714285715
CSPD;2023,0;9,0;22,424242424242426
CSPD;2023,0;10,0;14,282051282051283
CSPD;2023,0;11,0;20,838709677419356
CSPD;2023,0;12,0;21,024390243902438
CSPD;2024,0;1,0;19,466666666666665
CSPD;2024,0;2,0;23,387096774193548
CSPD;2024,0;3,0;17,68888888888889
CSPD;2024,0;4,0;20,62
CSPD;2024,0;5,0;22,361702127659573
CSPD;2024,0;6,0;35,82142857142857
CSPD;2024,0;7,0;26,275
CSSFA;2019,0;1,0;81,8
CSSFA;2019,0;2,0;42,25
CSSFA;2019,0;3,0;69,8
CSSFA;2019,0;4,0;55,53846153846154
CSSFA;2019,0;5,0;76,3076923076923
CSSFA;2019,0;6,0;60,86666666666667
CSSFA;2019,0;7,0;38,42307692307692
CSSFA;2019,0;8,0;70,35714285714286
CSSFA;2019,0;9,0;61,5
CSSFA;2019,0;10,0;42,523809523809526
CSSFA;2019,0;11,0;21,17142857142857
CSSFA;2019,0;12,0;16,142857142857142
CSSFA;2020,0;1,0;94,85714285714286
CSSFA;2020,0;2,0;55,333333333333336
CSSFA;2020,0;3,0;20,06451612903226
CSSFA;2020,0;4,0;44,9
CSSFA;2020,0;5,0;29,846153846153847
CSSFA;2020,0;6,0;44,45454545454545
CSSFA;2020,0;7,0;50,7
CSSFA;2020,0;8,0;38,166666666666664
CSSFA;2020,0;9,0;44,53333333333333
CSSFA;2020,0;10,0;36,94736842105263
CSSFA;2020,0;11,0;53,357142857142854
CSSFA;2020,0;12,0;39,791666666666664
CSSFA;2021,0;1,0;48,8
CSSFA;2021,0;2,0;29,03448275862069
CSSFA;2021,0;3,0;36,5
CSSFA;2021,0;4,0;46,4
CSSFA;2021,0;5,0;35,34375
CSSFA;2021,0;6,0;33,06896551724138
CSSFA;2021,0;7,0;42,2
CSSFA;2021,0;8,0;38,17857142857143
CSSFA;2021,0;9,0;55,523809523809526
CSSFA;2021,0;10,0;48,28
CSSFA;2021,0;11,0;42,52
CSSFA;2021,0;12,0;52,23529411764706
CSSFA;2022,0;1,0;44,90909090909091
CSSFA;2022,0;2,0;72,38461538461539
CSSFA;2022,0;3,0;52,56521739130435
CSSFA;2022,0;4,0;36,3
CSSFA;2022,0;5,0;63,45
CSSFA;2022,0;6,0;50,46153846153846
CSSFA;2022,0;7,0;43,0625
CSSFA;2022,0;8,0;65,8695652173913
CSSFA;2022,0;9,0;53,77777777777778
CSSFA;2022,0;10,0;57,391304347826086
CSSFA;2022,0;11,0;47,04347826086956
CSSFA;2022,0;12,0;40,851851851851855
CSSFA;2023,0;1,0;92,15384615384616
CSSFA;2023,0;2,0;90,25
CSSFA;2023,0;3,0;31,545454545454547
CSSFA;2023,0;4,0;50,72222222222222
CSSFA;2023,0;5,0;66,3125
CSSFA;2023,0;6,0;50,25
CSSFA;2023,0;7,0;72,0
CSSFA;2023,0;8,0;47,18181818181818
CSSFA;2023,0;9,0;61,23529411764706
CSSFA;2023,0;10,0;40,916666666666664
CSSFA;2023,0;11,0;69,0
CSSFA;2023,0;12,0;51,473684210526315
CSSFA;2024,0;1,0;76,42857142857143
CSSFA;2024,0;2,0;119,4
CSSFA;2024,0;3,0;49,13333333333333
CSSFA;2024,0;4,0;56,416666666666664
CSSFA;2024,0;5,0;49,416666666666664
CSSFA;2024,0;6,0;103,5
CSSFA;2024,0;7,0;64,4090909090909
CSSFA;2024,0;8,0;39,4
CSSFA;2024,0;9,0;66,25
CSSFA;2024,0;10,0;49,32142857142857
CSSFA;2024,0;11,0;64,89473684210526
CSSFA;2024,0;12,0;64,1
CSSFA;2025,0;1,0;55,666666666666664
CSSFA;2025,0;2,0;56,35294117647059
CSSFA;2025,0;3,0;92,15384615384616
CSSFA;2025,0;4,0;62,611111111111114
CSSFA;2025,0;5,0;69,36842105263158
CSSFA;2025,0;6,0;83,05882352941177
CSSFA;2025,0;7,0;75,1
CSSFA;2025,0;8,0;53,46153846153846
CSSFA;2025,0;9,0;82,93333333333334
CSSFA;2025,0;10,0;75,0
CSSFA;2025,0;11,0;57,21052631578947
CSSFA;2025,0;12,0;64,61111111111111
CSSFA;2026,0;1,0;102,75
CSSFA;2026,0;2,0;62,22222222222222
CSSFE;2019,0;1,0;31,583333333333332
CSSFE;2019,0;2,0;15,789473684210526
CSSFE;2019,0;3,0;25,76923076923077
CSSFE;2019,0;4,0;21,384615384615383
CSSFE;2019,0;5,0;46,36363636363637
CSSFE;2019,0;6,0;32,111111111111114
CSSFE;2019,0;7,0;38,4
CSSFE;2019,0;8,0;44,0
CSSFE;2019,0;9,0;31,875
CSSFE;2019,0;10,0;22,695652173913043
CSSFE;2019,0;11,0;33,125
CSSFE;2019,0;12,0;15,047619047619047
CSSFE;2020,0;1,0;43,125
CSSFE;2020,0;2,0;20,058823529411764
CSSFE;2020,0;3,0;27,5
CSSFE;2020,0;4,0;28,307692307692307
CSSFE;2020,0;5,0;29,1
CSSFE;2020,0;6,0;39,77777777777778
CSSFE;2020,0;7,0;27,933333333333334
CSSFE;2020,0;8,0;29,7
CSSFE;2020,0;9,0;41,5
CSSFE;2020,0;10,0;35,7
CSSFE;2020,0;11,0;20,4375
CSSFE;2020,0;12,0;11,357142857142858
CSSFE;2021,0;1,0;18,8125
CSSFE;2021,0;2,0;9,757575757575758
CSSFE;2021,0;3,0;7,552631578947368
CSSFE;2021,0;4,0;10,764705882352942
CSSFE;2021,0;5,0;8,425
CSSFE;2021,0;6,0;7,4
CSSFE;2021,0;7,0;13,833333333333334
CSSFE;2021,0;8,0;8,405405405405405
CSSFE;2021,0;9,0;8,326530612244898
CSSFE;2021,0;10,0;7,775510204081633
CSSFE;2021,0;11,0;7,45
CSSFE;2021,0;12,0;8,6
CSSFE;2022,0;1,0;6,595238095238095
CSSFE;2022,0;2,0;14,588235294117647
CSSFE;2022,0;3,0;8,352941176470589
CSSFE;2022,0;4,0;8,613636363636363
CSSFE;2022,0;5,0;9,720930232558139
CSSFE;2022,0;6,0;8,8125
CSSFE;2022,0;7,0;10,204545454545455
CSSFE;2022,0;8,0;7,737704918032787
CSSFE;2022,0;9,0;8,795454545454545
CSSFE;2022,0;10,0;11,166666666666666
CSSFE;2022,0;11,0;13,88888888888889
CSSFE;2022,0;12,0;8,814814814814815
CSSFE;2023,0;1,0;17,08695652173913
CSSFE;2023,0;2,0;11,257142857142858
CSSFE;2023,0;3,0;16,85185185185185
CSSFE;2023,0;4,0;21,05
CSSFE;2023,0;5,0;15,153846153846153
CSSFE;2023,0;6,0;32,666666666666664
CSSFE;2023,0;7,0;31,714285714285715
CSSFE;2023,0;8,0;21,05263157894737
CSSFE;2023,0;9,0;24,928571428571427
CSSFE;2023,0;10,0;24,705882352941178
CSSFE;2023,0;11,0;4,666666666666667
CSSFE;2023,0;12,0;34,888888888888886
CSSFE;2024,0;1,0;35,083333333333336
CSSFE;2024,0;2,0;27,466666666666665
CSSFE;2024,0;3,0;19,523809523809526
CSSFE;2024,0;4,0;14,966666666666667
CSSFE;2024,0;5,0;23,055555555555557
CSSFE;2024,0;6,0;29,076923076923077
CSSFE;2024,0;7,0;21,0
CSSFE;2024,0;8,0;39,72727272727273
CSSFE;2024,0;9,0;23,0625
CSSFE;2024,0;10,0;35,18181818181818
CSSFE;2024,0;11,0;25,75
CSSFE;2024,0;12,0;27,333333333333332
CSSFE;2025,0;1,0;40,22222222222222
CSSFE;2025,0;2,0;6,454545454545454
CSSI;2019,0;1,0;4,699115044247788
CSSI;2019,0;2,0;6,285714285714286
CSSI;2019,0;3,0;6,478260869565218
CSSI;2019,0;4,0;7,076923076923077
CSSI;2019,0;5,0;5,956140350877193
CSSI;2019,0;6,0;5,967741935483871
CSSI;2019,0;7,0;6,175
CSSI;2019,0;8,0;6,962025316455696
CSSI;2019,0;9,0;6,647887323943662
CSSI;2019,0;10,0;5,829268292682927
CSSI;2019,0;11,0;7,125
CSSI;2019,0;12,0;8,63888888888889
CSSI;2020,0;1,0;6,531645569620253
CSSI;2020,0;2,0;6,35632183908046
CSSI;2020,0;3,0;7,083333333333333
CSSI;2020,0;4,0;7,103448275862069
CSSI;2020,0;5,0;7,096153846153846
CSSI;2020,0;6,0;6,483333333333333
CSSI;2020,0;7,0;5,709677419354839
CSSI;2020,0;8,0;5,285714285714286
CSSI;2020,0;9,0;5,768115942028985
CSSI;2020,0;10,0;4,756410256410256
CSSI;2020,0;11,0;4,379746835443038
CSSI;2020,0;12,0;4,709302325581396
CSSI;2021,0;1,0;6,681159420289855
CSSI;2021,0;2,0;4,902439024390244
CSSI;2021,0;3,0;4,876106194690266
CSSI;2021,0;4,0;4,906976744186046
CSSI;2021,0;5,0;7,8
CSSI;2021,0;6,0;7,573333333333333
CSSI;2021,0;7,0;6,831460674157303
CSSI;2021,0;8,0;10,054794520547945
CSSI;2021,0;9,0;10,108108108108109
CSSI;2021,0;10,0;9,447368421052632
CSSI;2021,0;11,0;8,253521126760564
CSSI;2021,0;12,0;7,921348314606742
CSSI;2022,0;1,0;7,52
CSSI;2022,0;2,0;6,670588235294118
CSSI;2022,0;3,0;10,333333333333334
CSSI;2022,0;4,0;9,610526315789473
CSSI;2022,0;5,0;11,208333333333334
CSSI;2022,0;6,0;11,520547945205479
CSSI;2022,0;7,0;10,973333333333333
CSSI;2022,0;8,0;11,426666666666666
CSSI;2022,0;9,0;9,223529411764705
CSSI;2022,0;10,0;11,246575342465754
CSSI;2022,0;11,0;11,375
CSSI;2022,0;12,0;12,295081967213115
CSSI;2023,0;1,0;12,477611940298507
CSSI;2023,0;2,0;11,806451612903226
CSSI;2023,0;3,0;11,794520547945206
CSSI;2023,0;4,0;12,5
CSSI;2023,0;5,0;13,911764705882353
CSSI;2023,0;6,0;11,936708860759493
CSSI;2023,0;7,0;11,657894736842104
CSSI;2023,0;8,0;12,6125
CSSI;2023,0;9,0;15,597014925373134
CSSI;2023,0;10,0;16,642857142857142
CSSI;2023,0;11,0;18,451612903225808
CSSI;2023,0;12,0;12,616279069767442
CSSI;2024,0;1,0;16,41891891891892
CSSI;2024,0;2,0;11,514563106796116
CSSI;2024,0;3,0;13,396039603960396
CSSI;2024,0;4,0;13,978260869565217
CSSI;2024,0;5,0;12,22429906542056
CSSI;2024,0;6,0;14,616279069767442
CSSI;2024,0;7,0;16,41025641025641
CSSI;2024,0;8,0;15,329545454545455
CSSI;2024,0;9,0;15,797297297297296
CSSI;2024,0;10,0;18,465753424657535
CSSI;2024,0;11,0;17,205128205128204
CSSI;2024,0;12,0;15,977011494252874
CSSI;2025,0;1,0;19,485714285714284
CSSI;2025,0;2,0;19,38235294117647
CSSI;2025,0;3,0;15,804878048780488
CSSI;2025,0;4,0;17,728571428571428
CSSI;2025,0;5,0;20,60655737704918
CSSI;2025,0;6,0;21,044117647058822
CSSI;2025,0;7,0;21,33823529411765
CSSI;2025,0;8,0;18,942857142857143
CSSI;2025,0;9,0;20,880597014925375
CSSI;2025,0;10,0;21,112676056338028
CSSI;2025,0;11,0;21,8125
CSSI;2025,0;12,0;22,444444444444443
CSSI;2026,0;1,0;22,984126984126984
CSSI;2026,0;2,0;17,73913043478261
HAC;2019,0;1,0;7,9907407407407405
HAC;2019,0;2,0;7,2354651162790695
HAC;2019,0;3,0;8,006024096385541
HAC;2019,0;4,0;7,337016574585635
HAC;2019,0;5,0;7,315649867374005
HAC;2019,0;6,0;7,3028571428571425
HAC;2019,0;7,0;8,216300940438872
HAC;2019,0;8,0;8,103975535168196
HAC;2019,0;9,0;7,90625
HAC;2019,0;10,0;7,703125
HAC;2019,0;11,0;7,2387096774193544
HAC;2019,0;12,0;7,012698412698413
HAC;2020,0;1,0;8,52
HAC;2020,0;2,0;8,44927536231884
HAC;2020,0;3,0;7,367549668874172
HAC;2020,0;4,0;8,235537190082646
HAC;2020,0;5,0;8,6
HAC;2020,0;6,0;8,141732283464567
HAC;2020,0;7,0;8,157088122605364
HAC;2020,0;8,0;7,517985611510792
HAC;2020,0;9,0;8,140625
HAC;2020,0;10,0;7,1985559566787005
HAC;2020,0;11,0;6,87360594795539
HAC;2020,0;12,0;7,194945848375451
HAC;2021,0;1,0;7,897119341563786
HAC;2021,0;2,0;8,517857142857142
HAC;2021,0;3,0;7,684587813620071
HAC;2021,0;4,0;8,4251968503937
HAC;2021,0;5,0;8,637065637065637
HAC;2021,0;6,0;7,655430711610487
HAC;2021,0;7,0;8,26070038910506
HAC;2021,0;8,0;7,201520912547529
HAC;2021,0;9,0;7,082706766917293
HAC;2021,0;10,0;6,4200743494423795
HAC;2021,0;11,0;7,613043478260869
HAC;2021,0;12,0;7,5103734439834025
HAC;2022,0;1,0;7,561576354679803
HAC;2022,0;2,0;7,654054054054054
HAC;2022,0;3,0;9,116751269035532
HAC;2022,0;4,0;8,545893719806763
HAC;2022,0;5,0;6,976470588235294
HAC;2022,0;6,0;6,6498054474708175
HAC;2022,0;7,0;7,248979591836735
HAC;2022,0;8,0;7,281746031746032
HAC;2022,0;9,0;9,116751269035532
HAC;2022,0;10,0;8,11111111111111
HAC;2022,0;11,0;9,189743589743589
HAC;2022,0;12,0;7,6305220883534135
HAC;2023,0;1,0;9,75
HAC;2023,0;2,0;7,830357142857143
HAC;2023,0;3,0;6,818791946308725
HAC;2023,0;4,0;7,655038759689923
HAC;2023,0;5,0;7,577358490566038
HAC;2023,0;6,0;7,169675090252707
HAC;2023,0;7,0;7,804428044280443
HAC;2023,0;8,0;7,7272727272727275
HAC;2023,0;9,0;6,96113074204947
HAC;2023,0;10,0;7,651079136690647
HAC;2023,0;11,0;8,27659574468085
HAC;2023,0;12,0;7,818867924528302
HAC;2024,0;1,0;7,587786259541985
HAC;2024,0;2,0;6,580756013745704
HAC;2024,0;3,0;6,899022801302932
HAC;2024,0;4,0;6,302752293577981
HAC;2024,0;5,0;7,209003215434084
HAC;2024,0;6,0;7,525
HAC;2024,0;7,0;7,439862542955327
HAC;2024,0;8,0;6,450617283950617
HAC;2024,0;9,0;7,402730375426621
HAC;2024,0;10,0;6,978461538461539
HAC;2024,0;11,0;6,8969696969696965
HAC;2024,0;12,0;7,315254237288135
HAC;2025,0;1,0;6,977987421383648
HAC;2025,0;2,0;7,618181818181818
HAC;2025,0;3,0;7,464396284829721
HAC;2025,0;4,0;7,23404255319149
HAC;2025,0;5,0;7,265243902439025
HAC;2025,0;6,0;7,6568627450980395
HAC;2025,0;7,0;7,512269938650307
HAC;2025,0;8,0;7,762057877813505
HAC;2025,0;9,0;7,712903225806452
HAC;2025,0;10,0;7,262536873156342
HAC;2025,0;11,0;7,690789473684211
HAC;2025,0;12,0;7,888888888888889
HAC;2026,0;1,0;8,156794425087108
HAC;2026,0;2,0;8,48062015503876
HCM;2019,0;1,0;33,76470588235294
HCM;2019,0;2,0;25,829268292682926
HCM;2019,0;3,0;43,44444444444444
HCM;2019,0;4,0;37,266666666666666
HCM;2019,0;5,0;40,785714285714285
HCM;2019,0;6,0;22,102040816326532
HCM;2019,0;7,0;22,729166666666668
HCM;2019,0;8,0;20,581818181818182
HCM;2019,0;9,0;22,333333333333332
HCM;2019,0;10,0;17,803030303030305
HCM;2019,0;11,0;16,08823529411765
HCM;2019,0;12,0;20,322033898305083
HCM;2020,0;1,0;21,42105263157895
HCM;2020,0;2,0;57,1578947368421
HCM;2020,0;3,0;141,125
HCM;2020,0;4,0;202,33333333333334
HCM;2020,0;5,0;258,0
HCM;2020,0;6,0;312,25
HCM;2020,0;7,0;211,83333333333334
HCM;2020,0;8,0;109,54545454545455
HCM;2020,0;9,0;305,5
HCM;2020,0;10,0;251,6
HCM;2020,0;11,0;104,72727272727273
HCM;2020,0;12,0;307,5
HCM;2021,0;1,0;423,0
HCM;2021,0;2,0;215,6
HCM;2021,0;3,0;177,71428571428572
HCM;2021,0;4,0;95,91666666666667
HCM;2021,0;5,0;104,4
HCM;2021,0;6,0;365,0
HCM;2021,0;7,0;173,14285714285714
HCM;2021,0;8,0;176,42857142857142
HCM;2021,0;9,0;400,6666666666667
HCM;2021,0;10,0;300,75
HCM;2021,0;11,0;213,6
HCM;2021,0;12,0;160,85714285714286
HCM;2022,0;1,0;277,25
HCM;2022,0;2,0;232,75
HCM;2022,0;3,0;149,28571428571428
HCM;2022,0;4,0;257,0
HCM;2022,0;5,0;147,42857142857142
HCM;2022,0;6,0;239,75
HCM;2022,0;7,0;251,25
HCM;2022,0;8,0;344,6666666666667
HCM;2022,0;9,0;171,83333333333334
HCM;2022,0;10,0;223,0
HCM;2022,0;11,0;1095,0
HCM;2022,0;12,0;219,6
HCM;2023,0;1,0;282,0
HCM;2023,0;2,0;970,0
HCM;2023,0;3,0;1106,0
HCM;2023,0;4,0;535,5
HCM;2023,0;5,0;273,0
HCM;2023,0;6,0;217,4
HCM;2023,0;7,0;577,5
HCM;2023,0;8,0;233,0
HCM;2023,0;9,0;259,0
HCM;2023,0;10,0;273,0
HCM;2023,0;11,0;133,625
HCM;2023,0;12,0;250,75
HCM;2024,0;1,0;314,0
HCM;2024,0;2,0;138,71428571428572
HCM;2024,0;3,0;45,130434782608695
HCM;2024,0;4,0;19,82456140350877
HCM;2024,0;5,0;38,93333333333333
HCM;2024,0;6,0;88,84615384615384
HCM;2024,0;7,0;82,64285714285714
HCM;2024,0;8,0;372,0
HCM;2024,0;9,0;193,2
HCM;2024,0;10,0;506,5
HCM;2024,0;11,0;209,0
HCM;2024,0;12,0;100,9
HCM;2025,0;1,0;252,5
HCM;2025,0;2,0;95,2
HCM;2025,0;3,0;150,42857142857142
HCM;2025,0;4,0;106,7
HCM;2025,0;5,0;206,16666666666666
HCM;2025,0;6,0;180,85714285714286
HCM;2025,0;7,0;113,66666666666667
HCM;2025,0;8,0;159,22222222222223
HCM;2025,0;9,0;66,0
HCM;2025,0;10,0;109,25
HCM;2025,0;11,0;54,041666666666664
HCM;2025,0;12,0;73,0
HCM;2026,0;1,0;81,8125
HCM;2026,0;2,0;35,638888888888886
HEM;2019,0;1,0;19,90625
HEM;2019,0;2,0;16,008474576271187
HEM;2019,0;3,0;14,722627737226277
HEM;2019,0;4,0;10,398936170212766
HEM;2019,0;5,0;10,771144278606965
HEM;2019,0;6,0;11,539772727272727
HEM;2019,0;7,0;17,362903225806452
HEM;2019,0;8,0;17,583333333333332
HEM;2019,0;9,0;18,321739130434782
HEM;2019,0;10,0;17,82608695652174
HEM;2019,0;11,0;17,00862068965517
HEM;2019,0;12,0;15,286821705426357
HEM;2020,0;1,0;15,547826086956523
HEM;2020,0;2,0;16,548076923076923
HEM;2020,0;3,0;9,580882352941176
HEM;2020,0;4,0;7,390804597701149
HEM;2020,0;5,0;7,449275362318841
HEM;2020,0;6,0;10,093406593406593
HEM;2020,0;7,0;8,599221789883268
HEM;2020,0;8,0;9,565714285714286
HEM;2020,0;9,0;12,244755244755245
HEM;2020,0;10,0;10,409090909090908
HEM;2020,0;11,0;11,48
HEM;2020,0;12,0;9,377682403433477
HEM;2021,0;1,0;9,567961165048544
HEM;2021,0;2,0;12,476510067114093
HEM;2021,0;3,0;8,60983606557377
HEM;2021,0;4,0;9,834586466165414
HEM;2021,0;5,0;9,302904564315353
HEM;2021,0;6,0;10,69109947643979
HEM;2021,0;7,0;11,702564102564102
HEM;2021,0;8,0;12,654761904761905
HEM;2021,0;9,0;12,328358208955224
HEM;2021,0;10,0;13,905405405405405
HEM;2021,0;11,0;12,552941176470588
HEM;2021,0;12,0;12,72121212121212
HEM;2022,0;1,0;11,91219512195122
HEM;2022,0;2,0;14,086330935251798
HEM;2022,0;3,0;14,882352941176471
HEM;2022,0;4,0;13,801652892561984
HEM;2022,0;5,0;13,86986301369863
HEM;2022,0;6,0;11,488505747126437
HEM;2022,0;7,0;11,835365853658537
HEM;2022,0;8,0;14,859060402684564
HEM;2022,0;9,0;12,49468085106383
HEM;2022,0;10,0;15,32716049382716
HEM;2022,0;11,0;13,795454545454545
HEM;2022,0;12,0;11,435
HEM;2023,0;1,0;13,40251572327044
HEM;2023,0;2,0;13,209150326797385
HEM;2023,0;3,0;15,098765432098766
HEM;2023,0;4,0;15,873333333333333
HEM;2023,0;5,0;16,404109589041095
HEM;2023,0;6,0;13,074074074074074
HEM;2023,0;7,0;17,492424242424242
HEM;2023,0;8,0;12,502793296089385
HEM;2023,0;9,0;16,470149253731343
HEM;2023,0;10,0;15,6
HEM;2023,0;11,0;14,587786259541986
HEM;2023,0;12,0;15,266187050359711
HEM;2024,0;1,0;9,891566265060241
HEM;2024,0;2,0;7,300531914893617
HEM;2024,0;3,0;7,042553191489362
HEM;2024,0;4,0;7,289124668435013
HEM;2024,0;5,0;9,66796875
HEM;2024,0;6,0;14,00609756097561
HEM;2024,0;7,0;14,50943396226415
HEM;2024,0;8,0;16,605839416058394
HEM;2024,0;9,0;12,955128205128204
HEM;2024,0;10,0;14,793103448275861
HEM;2024,0;11,0;13,18918918918919
HEM;2024,0;12,0;13,125
HEM;2025,0;1,0;14,846153846153847
HEM;2025,0;2,0;13,902255639097744
HEM;2025,0;3,0;14,284810126582279
HEM;2025,0;4,0;12,819767441860465
HEM;2025,0;5,0;13,00561797752809
HEM;2025,0;6,0;13,641176470588235
HEM;2025,0;7,0;12,86413043478261
HEM;2025,0;8,0;14,787878787878787
HEM;2025,0;9,0;12,206521739130435
HEM;2025,0;10,0;11,25257731958763
HEM;2025,0;11,0;13,777777777777779
HEM;2025,0;12,0;11,629411764705882
HEM;2026,0;1,0;14,2317880794702
HEM;2026,0;2,0;13,964539007092199
HIJPII;2019,0;1,0;8,320954907161804
HIJPII;2019,0;2,0;7,978779840848806
HIJPII;2019,0;3,0;6,710775047258979
HIJPII;2019,0;4,0;6,219672131147541
HIJPII;2019,0;5,0;5,772093023255814
HIJPII;2019,0;6,0;6,605555555555555
HIJPII;2019,0;7,0;6,918200408997955
HIJPII;2019,0;8,0;7,630434782608695
HIJPII;2019,0;9,0;6,7687074829931975
HIJPII;2019,0;10,0;7,282442748091603
HIJPII;2019,0;11,0;8,069252077562327
HIJPII;2019,0;12,0;6,121649484536082
HIJPII;2020,0;1,0;7,212765957446808
HIJPII;2020,0;2,0;7,5354107648725215
HIJPII;2020,0;3,0;6,16135881104034
HIJPII;2020,0;4,0;7,902834008097166
HIJPII;2020,0;5,0;7,323076923076923
HIJPII;2020,0;6,0;6,637426900584796
HIJPII;2020,0;7,0;6,254742547425474
HIJPII;2020,0;8,0;7,142414860681114
HIJPII;2020,0;9,0;7,91
HIJPII;2020,0;10,0;7,977346278317152
HIJPII;2020,0;11,0;6,647887323943662
HIJPII;2020,0;12,0;6,392961876832844
HIJPII;2021,0;1,0;7,274390243902439
HIJPII;2021,0;2,0;7,4375
HIJPII;2021,0;3,0;7,300236406619385
HIJPII;2021,0;4,0;6,503512880562061
HIJPII;2021,0;5,0;7,449735449735449
HIJPII;2021,0;6,0;8,267477203647417
HIJPII;2021,0;7,0;7,8
HIJPII;2021,0;8,0;8,35202492211838
HIJPII;2021,0;9,0;8,038781163434903
HIJPII;2021,0;10,0;7,817708333333333
HIJPII;2021,0;11,0;7,518229166666667
HIJPII;2021,0;12,0;6,850202429149798
HIJPII;2022,0;1,0;7,849537037037037
HIJPII;2022,0;2,0;7,427440633245382
HIJPII;2022,0;3,0;6,961315280464216
HIJPII;2022,0;4,0;7,044150110375276
HIJPII;2022,0;5,0;7,404347826086957
HIJPII;2022,0;6,0;8,02919708029197
HIJPII;2022,0;7,0;8,620689655172415
HIJPII;2022,0;8,0;7,156010230179028
HIJPII;2022,0;9,0;6,466334164588528
HIJPII;2022,0;10,0;6,860050890585241
HIJPII;2022,0;11,0;6,246153846153846
HIJPII;2022,0;12,0;7,36870026525199
HIJPII;2023,0;1,0;8,287878787878787
HIJPII;2023,0;2,0;6,4112359550561795
HIJPII;2023,0;3,0;6,9
HIJPII;2023,0;4,0;6,8989473684210525
HIJPII;2023,0;5,0;7,180698151950718
HIJPII;2023,0;6,0;8,25
HIJPII;2023,0;7,0;7,893569844789357
HIJPII;2023,0;8,0;8,491978609625669
HIJPII;2023,0;9,0;7,5725
HIJPII;2023,0;10,0;7,799435028248587
HIJPII;2023,0;11,0;8,008902077151335
HIJPII;2023,0;12,0;7,4733727810650885
HIJPII;2024,0;1,0;7,968051118210862
HIJPII;2024,0;2,0;6,602905569007264
HIJPII;2024,0;3,0;6,122112211221122
HIJPII;2024,0;4,0;6,147783251231527
HIJPII;2024,0;5,0;6,753012048192771
HIJPII;2024,0;6,0;7,3725
HIJPII;2024,0;7,0;7,32904884318766
HIJPII;2024,0;8,0;7,86
HIJPII;2024,0;9,0;7,407594936708861
HIJPII;2024,0;10,0;7,124675324675325
HIJPII;2024,0;11,0;7,124293785310734
HIJPII;2024,0;12,0;6,709677419354839
HIJPII;2025,0;1,0;7,47093023255814
HIJPII;2025,0;2,0;6,459537572254336
HIJPII;2025,0;3,0;6,648888888888889
HIJPII;2025,0;4,0;6,434137291280148
HIJPII;2025,0;5,0;6,72887323943662
HIJPII;2025,0;6,0;6,286282306163022
HIJPII;2025,0;7,0;6,827676240208877
HIJPII;2025,0;8,0;7,93730407523511
HIJPII;2025,0;9,0;7,664451827242525
HIJPII;2025,0;10,0;7,5
HIJPII;2025,0;11,0;7,232758620689655
HIJPII;2025,0;12,0;6,683646112600536
HIJPII;2026,0;1,0;7,27681660899654
HIJPII;2026,0;2,0;7,639344262295082
HJK;2019,0;1,0;8,960149439601494
HJK;2019,0;2,0;7,718998862343573
HJK;2019,0;3,0;7,9167533818938605
HJK;2019,0;4,0;7,987603305785124
HJK;2019,0;5,0;7,714566929133858
HJK;2019,0;6,0;8,365800865800866
HJK;2019,0;7,0;8,869767441860466
HJK;2019,0;8,0;8,303825136612021
HJK;2019,0;9,0;7,963736263736264
HJK;2019,0;10,0;7,688577586206897
HJK;2019,0;11,0;7,9742152466367715
HJK;2019,0;12,0;8,018660812294183
HJK;2020,0;1,0;9,05082742316785
HJK;2020,0;2,0;9,0
HJK;2020,0;3,0;7,432552954292085
HJK;2020,0;4,0;7,319371727748691
HJK;2020,0;5,0;7,283018867924528
HJK;2020,0;6,0;7,247920133111481
HJK;2020,0;7,0;7,885714285714286
HJK;2020,0;8,0;8,634194831013916
HJK;2020,0;9,0;7,778558875219684
HJK;2020,0;10,0;7,092409240924092
HJK;2020,0;11,0;7,642086330935252
HJK;2020,0;12,0;7,593645484949833
HJK;2021,0;1,0;8,383392226148409
HJK;2021,0;2,0;8,361742424242424
HJK;2021,0;3,0;8,167582417582418
HJK;2021,0;4,0;9,244556113902847
HJK;2021,0;5,0;9,461818181818181
HJK;2021,0;6,0;8,145797598627787
HJK;2021,0;7,0;7,780152671755725
HJK;2021,0;8,0;7,619765494137353
HJK;2021,0;9,0;7,424242424242424
HJK;2021,0;10,0;7,421955403087479
HJK;2021,0;11,0;9,208185053380783
HJK;2021,0;12,0;8,23222748815166
HJK;2022,0;1,0;9,040133779264215
HJK;2022,0;2,0;9,119246861924687
HJK;2022,0;3,0;7,859180035650624
HJK;2022,0;4,0;7,612903225806452
HJK;2022,0;5,0;8,169747899159663
HJK;2022,0;6,0;8,612676056338028
HJK;2022,0;7,0;9,238675958188153
HJK;2022,0;8,0;8,493212669683258
HJK;2022,0;9,0;8,063739376770538
HJK;2022,0;10,0;8,431009957325747
HJK;2022,0;11,0;8,935794542536115
HJK;2022,0;12,0;7,632947976878612
HJK;2023,0;1,0;8,004615384615384
HJK;2023,0;2,0;8,275449101796408
HJK;2023,0;3,0;8,35632183908046
HJK;2023,0;4,0;8,893646408839778
HJK;2023,0;5,0;7,978494623655914
HJK;2023,0;6,0;8,0242656449553
HJK;2023,0;7,0;8,19952210274791
HJK;2023,0;8,0;7,68530701754386
HJK;2023,0;9,0;8,618311533888228
HJK;2023,0;10,0;8,081168831168831
HJK;2023,0;11,0;7,757409440175631
HJK;2023,0;12,0;7,498381877022654
HJK;2024,0;1,0;7,447368421052632
HJK;2024,0;2,0;7,334313725490196
HJK;2024,0;3,0;7,280296784830997
HJK;2024,0;4,0;7,774193548387097
HJK;2024,0;5,0;7,143474503025065
HJK;2024,0;6,0;7,3352272727272725
HJK;2024,0;7,0;7,66412213740458
HJK;2024,0;8,0;7,695283018867925
HJK;2024,0;9,0;7,70523138832998
HJK;2024,0;10,0;7,656221198156682
HJK;2024,0;11,0;7,825428859737639
HJK;2024,0;12,0;7,321361058601134
HJK;2025,0;1,0;7,983606557377049
HJK;2025,0;2,0;7,866255144032922
HJK;2025,0;3,0;7,72579185520362
HJK;2025,0;4,0;7,708728652751423
HJK;2025,0;5,0;8,543374642516683
HJK;2025,0;6,0;8,49232245681382
HJK;2025,0;7,0;8,198729582577133
HJK;2025,0;8,0;8,247242647058824
HJK;2025,0;9,0;8,133456904541243
HJK;2025,0;10,0;7,861594867094409
HJK;2025,0;11,0;8,417085427135678
HJK;2025,0;12,0;7,741532976827094
HJK;2026,0;1,0;8,600378787878787
HJK;2026,0;2,0;7,498178506375227
HJXXIII;2019,0;1,0;9,322355289421157
HJXXIII;2019,0;2,0;9,082589285714286
HJXXIII;2019,0;3,0;9,3720703125
HJXXIII;2019,0;4,0;9,264957264957266
HJXXIII;2019,0;5,0;9,428832116788321
HJXXIII;2019,0;6,0;9,45543584720862
HJXXIII;2019,0;7,0;9,138418079096045
HJXXIII;2019,0;8,0;9,344246031746032
HJXXIII;2019,0;9,0;9,36427145708583
HJXXIII;2019,0;10,0;9,449038461538462
HJXXIII;2019,0;11,0;9,878818737270876
HJXXIII;2019,0;12,0;9,516822429906542
HJXXIII;2020,0;1,0;9,767151767151768
HJXXIII;2020,0;2,0;9,472901168969182
HJXXIII;2020,0;3,0;9,407563025210084
HJXXIII;2020,0;4,0;9,050964187327823
HJXXIII;2020,0;5,0;9,660516605166052
HJXXIII;2020,0;6,0;8,874873864783048
HJXXIII;2020,0;7,0;8,964948453608248
HJXXIII;2020,0;8,0;8,940222897669706
HJXXIII;2020,0;9,0;8,520438683948155
HJXXIII;2020,0;10,0;8,62956033676333
HJXXIII;2020,0;11,0;8,901109989909182
HJXXIII;2020,0;12,0;8,014828544949028
HJXXIII;2021,0;1,0;8,639195979899498
HJXXIII;2021,0;2,0;8,916571428571428
HJXXIII;2021,0;3,0;7,945772058823529
HJXXIII;2021,0;4,0;7,989120580235721
HJXXIII;2021,0;5,0;8,628545288197621
HJXXIII;2021,0;6,0;8,277482269503546
HJXXIII;2021,0;7,0;8,16017316017316
HJXXIII;2021,0;8,0;8,12962962962963
HJXXIII;2021,0;9,0;8,344168260038241
HJXXIII;2021,0;10,0;8,834151128557409
HJXXIII;2021,0;11,0;8,462715105162523
HJXXIII;2021,0;12,0;8,825278810408921
HJXXIII;2022,0;1,0;9,023832221163012
HJXXIII;2022,0;2,0;8,711827956989247
HJXXIII;2022,0;3,0;8,121402877697841
HJXXIII;2022,0;4,0;8,368068833652007
HJXXIII;2022,0;5,0;8,516256157635468
HJXXIII;2022,0;6,0;8,450199203187251
HJXXIII;2022,0;7,0;8,71671388101983
HJXXIII;2022,0;8,0;9,276356192425792
HJXXIII;2022,0;9,0;8,918866080156402
HJXXIII;2022,0;10,0;9,692464358452138
HJXXIII;2022,0;11,0;9,108457711442787
HJXXIII;2022,0;12,0;9,193293885601578
HJXXIII;2023,0;1,0;9,35810113519092
HJXXIII;2023,0;2,0;8,688770053475936
HJXXIII;2023,0;3,0;8,882745471877978
HJXXIII;2023,0;4,0;9,589958158995817
HJXXIII;2023,0;5,0;8,834545454545454
HJXXIII;2023,0;6,0;9,888059701492537
HJXXIII;2023,0;7,0;10,062689585439838
HJXXIII;2023,0;8,0;9,714723926380367
HJXXIII;2023,0;9,0;9,646700507614213
HJXXIII;2023,0;10,0;8,973172987974099
HJXXIII;2023,0;11,0;9,0
HJXXIII;2023,0;12,0;9,384169884169884
HJXXIII;2024,0;1,0;10,014145810663765
HJXXIII;2024,0;2,0;9,244785949506037
HJXXIII;2024,0;3,0;8,629061371841155
HJXXIII;2024,0;4,0;7,943097014925373
HJXXIII;2024,0;5,0;8,151569506726457
HJXXIII;2024,0;6,0;9,098790322580646
HJXXIII;2024,0;7,0;8,549440298507463
HJXXIII;2024,0;8,0;9,123481781376519
HJXXIII;2024,0;9,0;9,184426229508198
HJXXIII;2024,0;10,0;8,842418235877107
HJXXIII;2024,0;11,0;8,591386554621849
HJXXIII;2024,0;12,0;8,302972195589644
HJXXIII;2025,0;1,0;7,963699222126189
HJXXIII;2025,0;2,0;8,145875251509054
HJXXIII;2025,0;3,0;8,396003633060854
HJXXIII;2025,0;4,0;7,948542024013722
HJXXIII;2025,0;5,0;8,070219966159053
HJXXIII;2025,0;6,0;8,080560420315237
HJXXIII;2025,0;7,0;8,035928143712574
HJXXIII;2025,0;8,0;7,7825
HJXXIII;2025,0;9,0;7,852488687782805
HJXXIII;2025,0;10,0;7,718518518518518
HJXXIII;2025,0;11,0;8,349561830574489
HJXXIII;2025,0;12,0;8,145203111495245
HJXXIII;2026,0;1,0;9,108610567514678
HJXXIII;2026,0;2,0;8,202702702702704
HMAL;2019,0;1,0;8,093023255813954
HMAL;2019,0;2,0;6,708571428571428
HMAL;2019,0;3,0;8,634730538922156
HMAL;2019,0;4,0;7,372881355932203
HMAL;2019,0;5,0;6,398104265402844
HMAL;2019,0;6,0;7,549450549450549
HMAL;2019,0;7,0;6,183962264150943
HMAL;2019,0;8,0;6,526315789473684
HMAL;2019,0;9,0;6,371584699453552
HMAL;2019,0;10,0;5,866336633663367
HMAL;2019,0;11,0;6,46067415730337
HMAL;2019,0;12,0;7,553672316384181
HMAL;2020,0;1,0;6,65945945945946
HMAL;2020,0;2,0;7,091954022988506
HMAL;2020,0;3,0;6,863387978142076
HMAL;2020,0;4,0;5,588652482269503
HMAL;2020,0;5,0;5,369426751592357
HMAL;2020,0;6,0;5,3125
HMAL;2020,0;7,0;5,852380952380952
HMAL;2020,0;8,0;5,762114537444934
HMAL;2020,0;9,0;5,308641975308642
HMAL;2020,0;10,0;4,9547169811320755
HMAL;2020,0;11,0;6,322429906542056
HMAL;2020,0;12,0;4,509803921568627
HMAL;2021,0;1,0;5,379679144385027
HMAL;2021,0;2,0;6,064356435643564
HMAL;2021,0;3,0;6,244343891402715
HMAL;2021,0;4,0;6,094594594594595
HMAL;2021,0;5,0;6,355555555555555
HMAL;2021,0;6,0;5,81858407079646
HMAL;2021,0;7,0;6,55
HMAL;2021,0;8,0;6,154929577464789
HMAL;2021,0;9,0;6,49009900990099
HMAL;2021,0;10,0;6,7384615384615385
HMAL;2021,0;11,0;7,74251497005988
HMAL;2021,0;12,0;6,010869565217392
HMAL;2022,0;1,0;7,796610169491525
HMAL;2022,0;2,0;6,4353741496598635
HMAL;2022,0;3,0;4,9605263157894735
HMAL;2022,0;4,0;5,969387755102041
HMAL;2022,0;5,0;5,676056338028169
HMAL;2022,0;6,0;6,314720812182741
HMAL;2022,0;7,0;5,1959798994974875
HMAL;2022,0;8,0;6,49079754601227
HMAL;2022,0;9,0;5,048543689320389
HMAL;2022,0;10,0;5,28494623655914
HMAL;2022,0;11,0;5,7272727272727275
HMAL;2022,0;12,0;5,65945945945946
HMAL;2023,0;1,0;5,714285714285714
HMAL;2023,0;2,0;5,2228260869565215
HMAL;2023,0;3,0;3,5535714285714284
HMAL;2023,0;4,0;4,894230769230769
HMAL;2023,0;5,0;4,355648535564853
HMAL;2023,0;6,0;3,380952380952381
HMAL;2023,0;7,0;4,273469387755102
HMAL;2023,0;8,0;3,672794117647059
HMAL;2023,0;9,0;3,636015325670498
HMAL;2023,0;10,0;3,3454545454545452
HMAL;2023,0;11,0;3,302491103202847
HMAL;2023,0;12,0;3,1167192429022084
HMAL;2024,0;1,0;3,5560165975103732
HMAL;2024,0;2,0;4,382075471698113
HMAL;2024,0;3,0;4,272357723577236
HMAL;2024,0;4,0;3,48046875
HMAL;2024,0;5,0;3,5547445255474455
HMAL;2024,0;6,0;3,8181818181818183
HMAL;2024,0;7,0;4,6177777777777775
HMAL;2024,0;8,0;3,6330645161290325
HMAL;2024,0;9,0;4,294117647058823
HMAL;2024,0;10,0;3,596774193548387
HMAL;2024,0;11,0;3,3085106382978724
HMAL;2024,0;12,0;4,709090909090909
HMAL;2025,0;1,0;6,488188976377953
HMAL;2025,0;2,0;5,854838709677419
HMAL;2025,0;3,0;4,625
HMAL;2025,0;4,0;8,863636363636363
HMAL;2025,0;5,0;5,44
HMAL;2025,0;6,0;6,144927536231884
HMAL;2025,0;7,0;5,7125
HMAL;2025,0;8,0;6,633802816901408
HMAL;2025,0;9,0;8,568627450980392
HMAL;2025,0;10,0;6,75
HMAL;2025,0;11,0;5,434782608695652
HMAL;2025,0;12,0;7,142857142857143
HMAL;2026,0;1,0;4,9753086419753085
HMAL;2026,0;2,0;4,659090909090909
HRAD;2019,0;1,0;6,303571428571429
HRAD;2019,0;2,0;5,86820428336079
HRAD;2019,0;3,0;5,956181533646323
HRAD;2019,0;4,0;6,545299145299145
HRAD;2019,0;5,0;6,19344262295082
HRAD;2019,0;6,0;6,215753424657534
HRAD;2019,0;7,0;6,516556291390729
HRAD;2019,0;8,0;6,716783216783217
HRAD;2019,0;9,0;6,629699248120301
HRAD;2019,0;10,0;7,337760910815939
HRAD;2019,0;11,0;6,764595103578155
HRAD;2019,0;12,0;6,5027932960893855
HRAD;2020,0;1,0;6,121100917431193
HRAD;2020,0;2,0;5,780748663101604
HRAD;2020,0;3,0;5,692176870748299
HRAD;2020,0;4,0;5,458490566037736
HRAD;2020,0;5,0;5,638260869565217
HRAD;2020,0;6,0;6,160148975791434
HRAD;2020,0;7,0;6,5437262357414445
HRAD;2020,0;8,0;6,324125230202578
HRAD;2020,0;9,0;6,010619469026548
HRAD;2020,0;10,0;6,094890510948905
HRAD;2020,0;11,0;6,336575875486381
HRAD;2020,0;12,0;6,261386138613862
HRAD;2021,0;1,0;6,09433962264151
HRAD;2021,0;2,0;6,253521126760563
HRAD;2021,0;3,0;6,404255319148936
HRAD;2021,0;4,0;5,940966010733453
HRAD;2021,0;5,0;7,036964980544747
HRAD;2021,0;6,0;6,593385214007782
HRAD;2021,0;7,0;6,022184300341297
HRAD;2021,0;8,0;6,003533568904594
HRAD;2021,0;9,0;5,462738301559792
HRAD;2021,0;10,0;6,362595419847328
HRAD;2021,0;11,0;6,30091743119266
HRAD;2021,0;12,0;6,027027027027027
HRAD;2022,0;1,0;6,766467065868263
HRAD;2022,0;2,0;6,151851851851852
HRAD;2022,0;3,0;6,080536912751678
HRAD;2022,0;4,0;5,871621621621622
HRAD;2022,0;5,0;5,83249581239531
HRAD;2022,0;6,0;6,14878892733564
HRAD;2022,0;7,0;6,589595375722543
HRAD;2022,0;8,0;6,33678756476684
HRAD;2022,0;9,0;6,293307086614173
HRAD;2022,0;10,0;6,521739130434782
HRAD;2022,0;11,0;6,3949730700179535
HRAD;2022,0;12,0;5,683937823834197
HRAD;2023,0;1,0;5,636655948553055
HRAD;2023,0;2,0;6,018656716417911
HRAD;2023,0;3,0;5,5564024390243905
HRAD;2023,0;4,0;5,773993808049536
HRAD;2023,0;5,0;5,813271604938271
HRAD;2023,0;6,0;5,8454258675078865
HRAD;2023,0;7,0;6,202020202020202
HRAD;2023,0;8,0;6,096308186195826
HRAD;2023,0;9,0;5,303030303030303
HRAD;2023,0;10,0;5,433641975308642
HRAD;2023,0;11,0;5,723905723905724
HRAD;2023,0;12,0;5,124450951683748
HRAD;2024,0;1,0;5,658346333853354
HRAD;2024,0;2,0;5,746902654867257
HRAD;2024,0;3,0;5,635670731707317
HRAD;2024,0;4,0;6,13179571663921
HRAD;2024,0;5,0;5,8757861635220126
HRAD;2024,0;6,0;5,829346092503987
HRAD;2024,0;7,0;5,469578783151326
HRAD;2024,0;8,0;5,226608187134503
HRAD;2024,0;9,0;5,217777777777778
HRAD;2024,0;10,0;5,068627450980392
HRAD;2024,0;11,0;5,45985401459854
HRAD;2024,0;12,0;5,551873198847262
HRAD;2025,0;1,0;5,734992679355783
HRAD;2025,0;2,0;5,854337152209492
HRAD;2025,0;3,0;5,630276564774381
HRAD;2025,0;4,0;5,4924924924924925
HRAD;2025,0;5,0;6,048513302034428
HRAD;2025,0;6,0;5,886676875957121
HRAD;2025,0;7,0;5,509687034277198
HRAD;2025,0;8,0;6,230894308943089
HRAD;2025,0;9,0;5,154166666666667
HRAD;2025,0;10,0;5,338213762811128
HRAD;2025,0;11,0;5,221745350500715
HRAD;2025,0;12,0;5,11611030478955
HRAD;2026,0;1,0;5,237569060773481
HRAD;2026,0;2,0;5,382352941176471
HRBJA;2019,0;1,0;11,524324324324324
HRBJA;2019,0;2,0;11,116959064327485
HRBJA;2019,0;3,0;11,584699453551913
HRBJA;2019,0;4,0;10,580808080808081
HRBJA;2019,0;5,0;11,530927835051546
HRBJA;2019,0;6,0;13,142857142857142
HRBJA;2019,0;7,0;11,592391304347826
HRBJA;2019,0;8,0;11,558510638297872
HRBJA;2019,0;9,0;12,934131736526947
HRBJA;2019,0;10,0;10,714975845410628
HRBJA;2019,0;11,0;11,655737704918034
HRBJA;2019,0;12,0;13,367469879518072
HRBJA;2020,0;1,0;11,206185567010309
HRBJA;2020,0;2,0;12,28930817610063
HRBJA;2020,0;3,0;11,521739130434783
HRBJA;2020,0;4,0;11,187878787878788
HRBJA;2020,0;5,0;9,72538860103627
HRBJA;2020,0;6,0;9,58252427184466
HRBJA;2020,0;7,0;8,68
HRBJA;2020,0;8,0;9,081196581196581
HRBJA;2020,0;9,0;9,637614678899082
HRBJA;2020,0;10,0;10,901960784313726
HRBJA;2020,0;11,0;11,196808510638299
HRBJA;2020,0;12,0;9,582010582010582
HRBJA;2021,0;1,0;10,969696969696969
HRBJA;2021,0;2,0;10,975903614457831
HRBJA;2021,0;3,0;10,142105263157895
HRBJA;2021,0;4,0;8,926470588235293
HRBJA;2021,0;5,0;9,965346534653465
HRBJA;2021,0;6,0;10,110552763819095
HRBJA;2021,0;7,0;9,754716981132075
HRBJA;2021,0;8,0;10,86734693877551
HRBJA;2021,0;9,0;11,427777777777777
HRBJA;2021,0;10,0;11,914893617021276
HRBJA;2021,0;11,0;11,640883977900552
HRBJA;2021,0;12,0;10,93298969072165
HRBJA;2022,0;1,0;11,41988950276243
HRBJA;2022,0;2,0;12,006451612903225
HRBJA;2022,0;3,0;10,744897959183673
HRBJA;2022,0;4,0;12,74390243902439
HRBJA;2022,0;5,0;11,773684210526316
HRBJA;2022,0;6,0;12,957831325301205
HRBJA;2022,0;7,0;9,924778761061948
HRBJA;2022,0;8,0;10,549763033175356
HRBJA;2022,0;9,0;10,785365853658536
HRBJA;2022,0;10,0;11,768817204301076
HRBJA;2022,0;11,0;13,368098159509202
HRBJA;2022,0;12,0;10,544554455445544
HRBJA;2023,0;1,0;11,395833333333334
HRBJA;2023,0;2,0;12,634146341463415
HRBJA;2023,0;3,0;12,04864864864865
HRBJA;2023,0;4,0;10,645320197044335
HRBJA;2023,0;5,0;12,46236559139785
HRBJA;2023,0;6,0;10,320754716981131
HRBJA;2023,0;7,0;12,193717277486911
HRBJA;2023,0;8,0;11,037914691943127
HRBJA;2023,0;9,0;11,049261083743842
HRBJA;2023,0;10,0;12,96132596685083
HRBJA;2023,0;11,0;9,64102564102564
HRBJA;2023,0;12,0;9,9004329004329
HRBJA;2024,0;1,0;9,13888888888889
HRBJA;2024,0;2,0;10,401913875598087
HRBJA;2024,0;3,0;11,08411214953271
HRBJA;2024,0;4,0;10,75
HRBJA;2024,0;5,0;10,544642857142858
HRBJA;2024,0;6,0;11,396984924623116
HRBJA;2024,0;7,0;10,159609120521173
HRBJA;2024,0;8,0;7,9736147757255935
HRBJA;2024,0;9,0;7,852691218130311
HRBJA;2024,0;10,0;11,184426229508198
HRBJA;2024,0;11,0;9,069264069264069
HRBJA;2024,0;12,0;7,681318681318682
HRBJA;2025,0;1,0;7,631944444444445
HRBJA;2025,0;2,0;8,020746887966805
HRBJA;2025,0;3,0;8,66789667896679
HRBJA;2025,0;4,0;8,423220973782772
HRBJA;2025,0;5,0;8,01056338028169
HRBJA;2025,0;6,0;8,474264705882353
HRBJA;2025,0;7,0;8,113013698630137
HRBJA;2025,0;8,0;9,047272727272727
HRBJA;2025,0;9,0;9,62753036437247
HRBJA;2025,0;10,0;9,526748971193415
HRBJA;2025,0;11,0;9,024291497975709
HRBJA;2025,0;12,0;9,007692307692308
HRBJA;2026,0;1,0;8,32258064516129
HRBJA;2026,0;2,0;7,084415584415584
HRJP;2019,0;1,0;10,777188328912468
HRJP;2019,0;2,0;10,077333333333334
HRJP;2019,0;3,0;10,904632152588556
HRJP;2019,0;4,0;10,409090909090908
HRJP;2019,0;5,0;10,456264775413711
HRJP;2019,0;6,0;10,619897959183673
HRJP;2019,0;7,0;9,45945945945946
HRJP;2019,0;8,0;10,881542699724518
HRJP;2019,0;9,0;10,411917098445596
HRJP;2019,0;10,0;9,874074074074073
HRJP;2019,0;11,0;10,41842105263158
HRJP;2019,0;12,0;8,673218673218674
HRJP;2020,0;1,0;8,952631578947368
HRJP;2020,0;2,0;9,373684210526315
HRJP;2020,0;3,0;8,273364485981308
HRJP;2020,0;4,0;9,768041237113403
HRJP;2020,0;5,0;8,951492537313433
HRJP;2020,0;6,0;10,378787878787879
HRJP;2020,0;7,0;9,327974276527332
HRJP;2020,0;8,0;8,413907284768213
HRJP;2020,0;9,0;9,572953736654805
HRJP;2020,0;10,0;9,903571428571428
HRJP;2020,0;11,0;9,187301587301587
HRJP;2020,0;12,0;9,030864197530864
HRJP;2021,0;1,0;10,22549019607843
HRJP;2021,0;2,0;10,102661596958175
HRJP;2021,0;3,0;9,354395604395604
HRJP;2021,0;4,0;9,104046242774567
HRJP;2021,0;5,0;9,96989966555184
HRJP;2021,0;6,0;9,636690647482014
HRJP;2021,0;7,0;9,121212121212121
HRJP;2021,0;8,0;8,048148148148147
HRJP;2021,0;9,0;7,61596958174905
HRJP;2021,0;10,0;9,358407079646017
HRJP;2021,0;11,0;9,090592334494774
HRJP;2021,0;12,0;9,545741324921135
HRJP;2022,0;1,0;9,945859872611464
HRJP;2022,0;2,0;8,65680473372781
HRJP;2022,0;3,0;8,733509234828496
HRJP;2022,0;4,0;9,542929292929292
HRJP;2022,0;5,0;8,202863961813842
HRJP;2022,0;6,0;10,587719298245615
HRJP;2022,0;7,0;9,244031830238727
HRJP;2022,0;8,0;8,965333333333334
HRJP;2022,0;9,0;9,561764705882354
HRJP;2022,0;10,0;10,59347181008902
HRJP;2022,0;11,0;10,305949008498583
HRJP;2022,0;12,0;9,56910569105691
HRJP;2023,0;1,0;9,929878048780488
HRJP;2023,0;2,0;9,555240793201133
HRJP;2023,0;3,0;9,257270693512304
HRJP;2023,0;4,0;10,379052369077307
HRJP;2023,0;5,0;9,88812785388128
HRJP;2023,0;6,0;8,859410430839002
HRJP;2023,0;7,0;9,310945273631841
HRJP;2023,0;8,0;10,578249336870027
HRJP;2023,0;9,0;10,040760869565217
HRJP;2023,0;10,0;9,35549872122762
HRJP;2023,0;11,0;9,770833333333334
HRJP;2023,0;12,0;9,427027027027027
HRJP;2024,0;1,0;11,263473053892216
HRJP;2024,0;2,0;10,822033898305085
HRJP;2024,0;3,0;9,827906976744186
HRJP;2024,0;4,0;9,134490238611713
HRJP;2024,0;5,0;9,779017857142858
HRJP;2024,0;6,0;10,13170731707317
HRJP;2024,0;7,0;9,974160206718347
HRJP;2024,0;8,0;9,828804347826088
HRJP;2024,0;9,0;9,16945107398568
HRJP;2024,0;10,0;8,0418410041841
HRJP;2024,0;11,0;7,935643564356436
HRJP;2024,0;12,0;8,301333333333334
HRJP;2025,0;1,0;7,465714285714285
HRJP;2025,0;2,0;8,571428571428571
HRJP;2025,0;3,0;8,030237580993521
HRJP;2025,0;4,0;7,912854030501089
HRJP;2025,0;5,0;8,245472837022133
HRJP;2025,0;6,0;8,668171557562077
HRJP;2025,0;7,0;7,657079646017699
HRJP;2025,0;8,0;7,708624708624709
HRJP;2025,0;9,0;8,075688073394495
HRJP;2025,0;10,0;7,282744282744282
HRJP;2025,0;11,0;7,687058823529412
HRJP;2025,0;12,0;7,133971291866029
HRJP;2026,0;1,0;7,781671159029649
HRJP;2026,0;2,0;7,791457286432161
IRS;2019,0;1,0;9,8
IRS;2019,0;2,0;5,647058823529412
IRS;2019,0;3,0;24,085714285714285
IRS;2019,0;4,0;18,646017699115045
IRS;2019,0;5,0;23,035714285714285
IRS;2019,0;6,0;19,701030927835053
IRS;2019,0;7,0;18,701923076923077
IRS;2019,0;8,0;20,424242424242426
IRS;2019,0;9,0;23,988372093023255
IRS;2019,0;10,0;24,367816091954023
IRS;2019,0;11,0;24,493827160493826
IRS;2019,0;12,0;22,67058823529412
IRS;2020,0;1,0;22,57777777777778
IRS;2020,0;2,0;20,7816091954023
IRS;2020,0;3,0;19,56122448979592
IRS;2020,0;4,0;24,609756097560975
IRS;2020,0;5,0;26,4025974025974
IRS;2020,0;6,0;21,47872340425532
IRS;2020,0;7,0;19,954954954954953
IRS;2020,0;8,0;23,384615384615383
IRS;2020,0;9,0;21,30701754385965
IRS;2020,0;10,0;20,792
IRS;2020,0;11,0;19,073170731707318
IRS;2020,0;12,0;18,725806451612904
IRS;2021,0;1,0;17,615384615384617
IRS;2021,0;2,0;19,20618556701031
IRS;2021,0;3,0;18,4765625
IRS;2021,0;4,0;19,299065420560748
IRS;2021,0;5,0;18,742857142857144
IRS;2021,0;6,0;19,563106796116504
IRS;2021,0;7,0;18,024
IRS;2021,0;8,0;21,811965811965813
IRS;2021,0;9,0;21,79090909090909
IRS;2021,0;10,0;20,128205128205128
IRS;2021,0;11,0;20,495652173913044
IRS;2021,0;12,0;18,97345132743363
IRS;2022,0;1,0;22,314606741573034
IRS;2022,0;2,0;24,50769230769231
IRS;2022,0;3,0;23,64423076923077
IRS;2022,0;4,0;27,01063829787234
IRS;2022,0;5,0;21,132231404958677
IRS;2022,0;6,0;25,419354838709676
IRS;2022,0;7,0;25,49438202247191
IRS;2022,0;8,0;23,861702127659573
IRS;2022,0;9,0;22,652631578947368
IRS;2022,0;10,0;26,84269662921348
IRS;2022,0;11,0;21,82608695652174
IRS;2022,0;12,0;28,34328358208955
IRS;2023,0;1,0;23,86315789473684
IRS;2023,0;2,0;25,192307692307693
IRS;2023,0;3,0;24,927835051546392
IRS;2023,0;4,0;28,153846153846153
IRS;2023,0;5,0;22,07547169811321
IRS;2023,0;6,0;25,0
IRS;2023,0;7,0;24,633333333333333
IRS;2023,0;8,0;33,0
IRS;2023,0;9,0;27,45977011494253
IRS;2023,0;10,0;22,0
IRS;2023,0;11,0;24,736842105263158
IRS;2023,0;12,0;24,511627906976745
IRS;2024,0;1,0;26,25925925925926
IRS;2024,0;2,0;21,70967741935484
IRS;2024,0;3,0;21,604938271604937
IRS;2024,0;4,0;24,253333333333334
IRS;2024,0;5,0;26,0
IRS;2024,0;6,0;28,569444444444443
IRS;2024,0;7,0;23,609756097560975
IRS;2024,0;8,0;27,328767123287673
IRS;2024,0;9,0;23,507042253521128
IRS;2024,0;10,0;25,973684210526315
IRS;2024,0;11,0;27,695652173913043
IRS;2024,0;12,0;23,29850746268657
IRS;2025,0;1,0;24,772727272727273
IRS;2025,0;2,0;32,7
IRS;2025,0;3,0;24,78048780487805
IRS;2025,0;4,0;30,208955223880597
IRS;2025,0;5,0;24,964285714285715
IRS;2025,0;6,0;29,61111111111111
IRS;2025,0;7,0;22,77777777777778
IRS;2025,0;8,0;26,857142857142858
IRS;2025,0;9,0;29,651515151515152
IRS;2025,0;10,0;24,58888888888889
IRS;2025,0;11,0;27,835616438356166
IRS;2025,0;12,0;22,454545454545453
IRS;2026,0;1,0;32,18032786885246
IRS;2026,0;2,0;30,015151515151516
MOV;2019,0;1,0;5,083333333333333
MOV;2019,0;2,0;4,890466531440162
MOV;2019,0;3,0;5,316363636363636
MOV;2019,0;4,0;4,7155172413793105
MOV;2019,0;5,0;4,656462585034014
MOV;2019,0;6,0;4,289179104477612
MOV;2019,0;7,0;4,331511839708561
MOV;2019,0;8,0;4,084889643463497
MOV;2019,0;9,0;4,005235602094241
MOV;2019,0;10,0;3,5836120401337794
MOV;2019,0;11,0;4,022058823529412
MOV;2019,0;12,0;4,308118081180812
MOV;2020,0;1,0;4,24952380952381
MOV;2020,0;2,0;4,208711433756806
MOV;2020,0;3,0;4,36624775583483
MOV;2020,0;4,0;4,360623781676413
MOV;2020,0;5,0;4,365491651205937
MOV;2020,0;6,0;4,218283582089552
MOV;2020,0;7,0;4,470909090909091
MOV;2020,0;8,0;4,3392156862745095
MOV;2020,0;9,0;3,8415637860082303
MOV;2020,0;10,0;4,532
MOV;2020,0;11,0;4,425531914893617
MOV;2020,0;12,0;4,240631163708087
MOV;2021,0;1,0;4,441233140655106
MOV;2021,0;2,0;3,9628180039138945
MOV;2021,0;3,0;4,595978062157221
MOV;2021,0;4,0;4,594545454545455
MOV;2021,0;5,0;4,379725085910653
MOV;2021,0;6,0;4,136116152450091
MOV;2021,0;7,0;4,007233273056058
MOV;2021,0;8,0;4,209076175040519
MOV;2021,0;9,0;4,294117647058823
MOV;2021,0;10,0;4,321862348178137
MOV;2021,0;11,0;4,124100719424461
MOV;2021,0;12,0;4,1992481203007515
MOV;2022,0;1,0;4,855626326963907
MOV;2022,0;2,0;4,584199584199585
MOV;2022,0;3,0;4,406810035842294
MOV;2022,0;4,0;4,401606425702811
MOV;2022,0;5,0;4,259194395796848
MOV;2022,0;6,0;4,292504570383913
MOV;2022,0;7,0;4,0660869565217395
MOV;2022,0;8,0;4,4019047619047615
MOV;2022,0;9,0;4,454365079365079
MOV;2022,0;10,0;4,319672131147541
MOV;2022,0;11,0;4,315789473684211
MOV;2022,0;12,0;4,081996434937611
MOV;2023,0;1,0;4,355640535372849
MOV;2023,0;2,0;4,365234375
MOV;2023,0;3,0;4,644951140065147
MOV;2023,0;4,0;5,211895910780669
MOV;2023,0;5,0;5,054945054945055
MOV;2023,0;6,0;4,794303797468355
MOV;2023,0;7,0;4,751724137931035
MOV;2023,0;8,0;4,931552587646077
MOV;2023,0;9,0;5,032085561497326
MOV;2023,0;10,0;4,3801261829652995
MOV;2023,0;11,0;4,650420168067227
MOV;2023,0;12,0;4,2708661417322835
MOV;2024,0;1,0;4,792618629173989
MOV;2024,0;2,0;4,485148514851486
MOV;2024,0;3,0;4,581538461538462
MOV;2024,0;4,0;4,3462783171521036
MOV;2024,0;5,0;4,261489698890649
MOV;2024,0;6,0;4,512544802867383
MOV;2024,0;7,0;4,451669595782074
MOV;2024,0;8,0;4,580034423407917
MOV;2024,0;9,0;4,654458598726115
MOV;2024,0;10,0;5,072222222222222
MOV;2024,0;11,0;5,532945736434108
MOV;2024,0;12,0;5,43992606284658
MOV;2025,0;1,0;5,3844856661045535
MOV;2025,0;2,0;5,1582608695652175
MOV;2025,0;3,0;4,828282828282828
MOV;2025,0;4,0;5,057324840764331
MOV;2025,0;5,0;4,929323308270677
MOV;2025,0;6,0;5,534338358458961
MOV;2025,0;7,0;5,342198581560283
MOV;2025,0;8,0;6,115671641791045
MOV;2025,0;9,0;4,8116666666666665
MOV;2025,0;10,0;5,013536379018612
MOV;2025,0;11,0;5,343416370106762
MOV;2025,0;12,0;5,586021505376344
MOV;2026,0;1,0;5,506151142355009
MOV;2026,0;2,0;5,145051194539249
Total;;;
;;;
Filtros aplicados: estabelecimento não é (Em branco), CEPAI ou MGT Status operacional é Filtro de Ex-Unidades AnoMes não é (Em branco);;;
